DF BLAS,DF Tensor,RHF
0.26397180557250977,0.7312939167022705,0.7898879051208496
0.22470498085021973,0.419583797454834,0.9373278617858887
0.2768101692199707,0.5334630012512207,0.8233888149261475
