--------------------------------------------------------------------------------
                       ========================================                 
                               WELCOME TO JULIACHEM.JL!                         
                       ========================================                 
                                                                                
              JuliaChem.jl is an electronic structure theory package            
         developed by the Gordon group at Iowa State University. It is          
        designed to apply the strengths of the Julia programming language       
          (high-level semantics and low-level performance) to a quantum         
                                chemistry package.                              
                                                                                
         For more information, refer to the following paper: Poole, D.          
        Galvaz Vallejo, J. L.; Gordon, M. S. "A New Kid on the Block:          
         Application of Julia to Hartree-Fock Calculations." J. Chem.          
                     Theory Compute. 2020, 16, 8, 5006-5013.                    
                                                                                
                                                                                
           Density Fitting Restricted Hartree Fock                              
               implemented by Jackson Hayes <jhayes1@iastate.edu                
                                                                                
       For questions on usage, email David Poole at davpoole@iastate.edu.       
                                                                                
--------------------------------------------------------------------------------
--------------------------------------------------------------------------------
                       ========================================                 
                                READING INPUT DATA FILE                         
                       ========================================                 
 
 
Number of worker processes: 1
Number of threads per process: 52
Number of threads in total: 52
 
                       ========================================                 
                                       END INPUT                                
                       ========================================                 
--------------------------------------------------------------------------------
--------------------------------------------------------------------------------
                       ========================================                 
                                GENERATING BASIS SET                            
                       ========================================                 
 
----------------------------------------          
          Printing basis set...                   
----------------------------------------          

Atom #1 (O):
  Shell     Ang. Mom.     Prim.       Exp.         Coeff.
    1          S            1      11720.000000     0.000710
    1          S            2      1759.000000     0.005470
    1          S            3      400.800000     0.027837
    1          S            4      113.700000     0.104800
    1          S            5      37.030000     0.283062
    1          S            6      13.270000     0.448719
    1          S            7      5.025000     0.270952
    1          S            8      1.013000     0.015458
 
    2          S            1      11720.000000     -0.000160
    2          S            2      1759.000000     -0.001263
    2          S            3      400.800000     -0.006267
    2          S            4      113.700000     -0.025716
    2          S            5      37.030000     -0.070924
    2          S            6      13.270000     -0.165411
    2          S            7      5.025000     -0.116955
    2          S            8      1.013000     0.557368
 
    3          S            1      0.302300     1.000000
 
    4          P            1      17.700000     0.043018
    4          P            2      3.854000     0.228913
    4          P            3      1.046000     0.508728
 
    5          P            1      0.275300     1.000000
 
    6          D            1      1.185000     1.000000
 
 
Atom #2 (H):
  Shell     Ang. Mom.     Prim.       Exp.         Coeff.
    1          S            1      13.010000     0.019685
    1          S            2      1.962000     0.137977
    1          S            3      0.444600     0.478148
 
    2          S            1      0.122000     1.000000
 
    3          P            1      0.727000     1.000000
 
 
Atom #3 (H):
  Shell     Ang. Mom.     Prim.       Exp.         Coeff.
    1          S            1      13.010000     0.019685
    1          S            2      1.962000     0.137977
    1          S            3      0.444600     0.478148
 
    2          S            1      0.122000     1.000000
 
    3          P            1      0.727000     1.000000
 
 
----------------------------------------          
       Printing Auxillary basis set...            
----------------------------------------          

Atom #1 (O):
  Shell     Ang. Mom.     Prim.       Exp.         Coeff.
    1          S            1      1517.866751     1.000000
 
    2          S            1      489.679520     1.000000
 
    3          S            1      176.721187     1.000000
 
    4          S            1      63.792233     1.000000
 
    5          S            1      25.366499     1.000000
 
    6          S            1      9.913549     1.000000
 
    7          S            1      4.464531     1.000000
 
    8          S            1      1.801774     1.000000
 
    9          S            1      0.807897     1.000000
 
    10          S            1      0.338643     1.000000
 
    11          P            1      120.160309     1.000000
 
    12          P            1      34.409622     1.000000
 
    13          P            1      12.581149     1.000000
 
    14          P            1      5.066382     1.000000
 
    15          P            1      2.034693     1.000000
 
    16          P            1      0.860930     1.000000
 
    17          P            1      0.366814     1.000000
 
    18          D            1      19.043063     1.000000
 
    19          D            1      5.806038     1.000000
 
    20          D            1      2.189184     1.000000
 
    21          D            1      0.877946     1.000000
 
    22          D            1      0.356236     1.000000
 
    23          F            1      2.493915     1.000000
 
    24          F            1      0.824915     1.000000
 
 
Atom #2 (H):
  Shell     Ang. Mom.     Prim.       Exp.         Coeff.
    1          S            1      9.530249     1.000000
 
    2          S            1      1.917451     1.000000
 
    3          S            1      0.684240     1.000000
 
    4          S            1      0.284133     1.000000
 
    5          P            1      2.913323     1.000000
 
    6          P            1      1.262121     1.000000
 
    7          P            1      0.501998     1.000000
 
    8          D            1      2.313533     1.000000
 
    9          D            1      0.712907     1.000000
 
 
Atom #3 (H):
  Shell     Ang. Mom.     Prim.       Exp.         Coeff.
    1          S            1      9.530249     1.000000
 
    2          S            1      1.917451     1.000000
 
    3          S            1      0.684240     1.000000
 
    4          S            1      0.284133     1.000000
 
    5          P            1      2.913323     1.000000
 
    6          P            1      1.262121     1.000000
 
    7          P            1      0.501998     1.000000
 
    8          D            1      2.313533     1.000000
 
    9          D            1      0.712907     1.000000
 
 
----------------------------------------          
     Printing basis set metadata...               
----------------------------------------          

Basis set: cc-pVDZ
Number of basis functions: 25
Auxillary Basis set: cc-pVDZ-JKFIT
Number of auxillary basis functions: 131
Number of electrons: 10
 
                       ========================================                 
                                       END BASIS                                
                       ========================================                 
--------------------------------------------------------------------------------
---------------------------------------------------------------------------------
                       ========================================          
                             MOLECULAR COORDINATE ANALYSIS               
                       ========================================          

----------------------------------------          
         Printing coordinates                     
            in xyz format...                      
----------------------------------------          
 
3

O         0.0     -0.14320516549977125     0.0
H         1.638033383417192     1.1365739651651092     0.0
H         -1.638033383417192     1.1365739651651092     0.0

                       ========================================          
                                END COORDINATE ANALYSIS                  
                       ========================================          
--------------------------------------------------------------------------------
                       ========================================                 
                                RESTRICTED CLOSED-SHELL                         
                                  HARTREE-FOCK ENERGY                           
                       ========================================                 

SCF Options:
------------------------------
Integral Load: static
Guess: hcore
Energy Convergence: 1.0e-6
Density Convergence: 1.0e-6
Max Iterations: 50
--------------------------------

Density Fitting Options:
--------------------------------
Contraction Mode: GPU
DF Energy Convergence: 1.0e-6
DF Density Convergence: 1.0e-6
DF Exchange Block Width: adaptive
DF Screening Sigma: 1.0e-5
DF Screen Exchange: false
DF Force Dense: false
DF Use Adaptive: true
DF Use K Symmetry: false
DF K Symmetry Type: square
DF Adaptive basis limit 100
DF number of GPUs: 1
DF Max Number of GPU Exchange Blocks: 16
DF GPU K Block Operations Threshold: 1.1e+12
--------------------------------
----------------------------------------          
       Starting RHF iterations...                 
----------------------------------------          
 
Iter        Energy                ΔE                Drms                time
num_devices: 1
using oneAPI GPU
1      -86.1539071106      -86.1539071106      7.2408607029      17.1983439922 
2      -78.9288842712      7.2250228394      3.5996368928      0.2722260952 
3      -79.3441022724      -0.4152180012      0.2685978448      0.3203949928 
4      -80.7859608623      -1.4418585899      0.3330663638      0.4194591045 
5      -81.1650567323      -0.3790958700      0.2058971472      0.3431470394 
6      -81.1748245186      -0.0097677863      0.0371080864      0.3802220821 
7      -81.3887051764      -0.2138806578      0.0969178433      0.3742721081 
8      -81.3870689111      0.0016362654      0.0044235462      0.3792719841 
9      -81.2153618635      0.1717070476      0.0882347664      0.3818390369 
10      -82.3777269294      -1.1623650660      0.3612194292      0.3806300163 
11      -82.4318022687      -0.0540753393      0.0492595870      0.3975300789 
12      -81.7567204177      0.6750818510      0.3869819135      0.4051389694 
13      -81.7044852875      0.0522351302      0.0568039191      0.4107539654 
14      -81.7059105525      -0.0014252650      0.0720299597      0.3826131821 
15      -81.6867785489      0.0191320036      0.0379014814      0.3857340813 
16      -81.7042626296      -0.0174840807      0.0157026255      0.3778989315 
17      -81.7379419440      -0.0336793144      0.0186638385      0.3843109608 
18      -81.5809192153      0.1570227287      0.1184522579      0.3806819916 
19      -82.1579541556      -0.5770349403      0.1250415478      0.3767712116 
20      -82.1784947499      -0.0205405943      0.0387308425      0.3785560131 
21      -81.9833708047      0.1951239452      0.0594679216      0.3902831078 
22      -82.0632057209      -0.0798349162      0.0703562274      0.3753609657 
23      -82.0309496397      0.0322560812      0.0352588064      0.4043960571 
24      -81.8807004166      0.1502492230      0.5535226201      0.4033360481 
25      -82.4233567750      -0.5426563583      0.1211037766      0.3839788437 
26      -82.8838725639      -0.4605157889      0.1451299856      0.3798270226 
27      -82.4820466085      0.4018259554      0.0828759206      0.3810131550 
28      -80.2905539772      2.1914926313      3.0266199600      0.3917839527 
29      -76.3415831292      3.9489708480      3.8919488880      0.3780219555 
30      -79.6560713850      -3.3144882558      3.7626444772      0.3326339722 
31      -81.4689167810      -1.8128453960      3.3048890640      0.4116649628 
32      -83.1769097675      -1.7079929865      3.2956190313      0.3071370125 
33      -85.8406825165      -2.6637727490      0.4581264193      0.4143240452 
34      -84.7947458317      1.0459366848      0.9226056361      0.3705060482 
35      -83.1568568320      1.6378889997      0.8945405330      0.3698430061 
36      -82.5372061639      0.6196506681      0.7686415314      0.3890519142 
37      -85.4232562367      -2.8860500728      0.3856583513      0.3744280338 
38      -91.6886676442      -6.2654114075      0.7528855256      0.3879530430 
39      -92.1516893889      -0.4630217447      2.1134401732      0.4038300514 
40      -106.6215374559      -14.4698480670      6.7419820768      0.3857650757 
41      -95.5060129713      11.1155244846      7.1826824556      0.3838179111 
42      -95.8159511644      -0.3099381931      0.0694412626      0.3949651718 
43      -97.0623367162      -1.2463855518      0.2821095127      0.3914868832 
44      -95.3173171557      1.7450195605      0.3835061635      0.3945469856 
45      -99.2550814059      -3.9377642502      0.8316499905      0.3949398994 
46      -101.4728130729      -2.2177316670      5.9259901078      0.3818109035 
47      -92.4962215901      8.9765914828      7.4645114593      0.4044730663 
48      -91.6411308641      0.8550907260      0.8693747552      0.4039490223 
49      -89.8239207551      1.8172101090      2.6364397874      0.3898870945 
50      -90.4845389549      -0.6606181998      2.6217297330      0.3770399094 
 
----------------------------------------
 The SCF calculation did not converge.  
      Restart data is being output.     
----------------------------------------
 
                       ========================================                 
                              END RESTRICTED CLOSED-SHELL                       
                                  HARTREE-FOCK ENERGY                           
                       ========================================                 
--------------------------------------------------------------------------------
--------------------------------------------------------------------------------
                       ========================================                 
                                RESTRICTED CLOSED-SHELL                         
                                HARTREE-FOCK PROPERTIES                         
                       ========================================                 

----------------------------------------          
 Computing molecular orbital energies...           
----------------------------------------          
 
Orbital #     Orbital energy (h)
    1           -32.411635    
    2           -7.611613    
    3           -5.477314    
    4           -5.008261    
    5           -4.656966    
    6           -4.266781    
    7           -4.410549    
    8           -4.178660    
    9           -6.544495    
    10           -3.529839    
    11           -3.205004    
    12           -3.258136    
    13           -3.922711    
    14           -2.655251    
    15           -2.512552    
    16           -2.695078    
    17           -2.198377    
    18           -3.697930    
    19           -4.501310    
    20           -4.923118    
    21           -5.969963    
    22           -4.547422    
    23           -3.377241    
    24           -2.593180    
    25           -2.366515    
 
----------------------------------------          
        Computing HOMO-LUMO gap...                
----------------------------------------          
 
The HOMO is located at MO orbital #5, 
  with an energy of -4.656966 h. 
 
The LUMO is located at MO orbital #6, 
  with an energy of -4.266781 h. 
 
HOMO-LUMO gap: 0.390185 h 
 
----------------------------------------          
     Computing mulliken charges...                
----------------------------------------          
 
Atom #     Symbol       Mulliken Pop.         Charge        
  1           O           6.072596          1.927404     
  2           H           1.963702          -0.963702     
  3           H           1.963702          -0.963702     

----------------------------------------          
     Computing multiple moments...                
----------------------------------------          
 
Dipole:       X           Y           Z         Tot. (D)        
          0.000000   -3.852828    -0.000000    3.852828     

                       ========================================                 
                              END RESTRICTED CLOSED-SHELL                       
                                HARTREE-FOCK PROPERTIES                         
                       ========================================                 
--------------------------------------------------------------------------------
--------------------------------------------------------------------------------
                      Your calculation has run to completion!                   
                                                                                
                       ========================================                 
                                   HAVE A NICE DAY!                             
                       ========================================                 
--------------------------------------------------------------------------------
--------------------------------------------------------------------------------
                       ========================================                 
                               WELCOME TO JULIACHEM.JL!                         
                       ========================================                 
                                                                                
              JuliaChem.jl is an electronic structure theory package            
         developed by the Gordon group at Iowa State University. It is          
        designed to apply the strengths of the Julia programming language       
          (high-level semantics and low-level performance) to a quantum         
                                chemistry package.                              
                                                                                
         For more information, refer to the following paper: Poole, D.          
        Galvaz Vallejo, J. L.; Gordon, M. S. "A New Kid on the Block:          
         Application of Julia to Hartree-Fock Calculations." J. Chem.          
                     Theory Compute. 2020, 16, 8, 5006-5013.                    
                                                                                
                                                                                
           Density Fitting Restricted Hartree Fock                              
               implemented by Jackson Hayes <jhayes1@iastate.edu                
                                                                                
       For questions on usage, email David Poole at davpoole@iastate.edu.       
                                                                                
--------------------------------------------------------------------------------
--------------------------------------------------------------------------------
                       ========================================                 
                                READING INPUT DATA FILE                         
                       ========================================                 
 
 
Number of worker processes: 1
Number of threads per process: 52
Number of threads in total: 52
 
                       ========================================                 
                                       END INPUT                                
                       ========================================                 
--------------------------------------------------------------------------------
--------------------------------------------------------------------------------
                       ========================================                 
                                GENERATING BASIS SET                            
                       ========================================                 
 
----------------------------------------          
          Printing basis set...                   
----------------------------------------          

Atom #1 (O):
  Shell     Ang. Mom.     Prim.       Exp.         Coeff.
    1          S            1      11720.000000     0.000710
    1          S            2      1759.000000     0.005470
    1          S            3      400.800000     0.027837
    1          S            4      113.700000     0.104800
    1          S            5      37.030000     0.283062
    1          S            6      13.270000     0.448719
    1          S            7      5.025000     0.270952
    1          S            8      1.013000     0.015458
 
    2          S            1      11720.000000     -0.000160
    2          S            2      1759.000000     -0.001263
    2          S            3      400.800000     -0.006267
    2          S            4      113.700000     -0.025716
    2          S            5      37.030000     -0.070924
    2          S            6      13.270000     -0.165411
    2          S            7      5.025000     -0.116955
    2          S            8      1.013000     0.557368
 
    3          S            1      0.302300     1.000000
 
    4          P            1      17.700000     0.043018
    4          P            2      3.854000     0.228913
    4          P            3      1.046000     0.508728
 
    5          P            1      0.275300     1.000000
 
    6          D            1      1.185000     1.000000
 
 
Atom #2 (H):
  Shell     Ang. Mom.     Prim.       Exp.         Coeff.
    1          S            1      13.010000     0.019685
    1          S            2      1.962000     0.137977
    1          S            3      0.444600     0.478148
 
    2          S            1      0.122000     1.000000
 
    3          P            1      0.727000     1.000000
 
 
Atom #3 (H):
  Shell     Ang. Mom.     Prim.       Exp.         Coeff.
    1          S            1      13.010000     0.019685
    1          S            2      1.962000     0.137977
    1          S            3      0.444600     0.478148
 
    2          S            1      0.122000     1.000000
 
    3          P            1      0.727000     1.000000
 
 
----------------------------------------          
       Printing Auxillary basis set...            
----------------------------------------          

Atom #1 (O):
  Shell     Ang. Mom.     Prim.       Exp.         Coeff.
    1          S            1      1517.866751     1.000000
 
    2          S            1      489.679520     1.000000
 
    3          S            1      176.721187     1.000000
 
    4          S            1      63.792233     1.000000
 
    5          S            1      25.366499     1.000000
 
    6          S            1      9.913549     1.000000
 
    7          S            1      4.464531     1.000000
 
    8          S            1      1.801774     1.000000
 
    9          S            1      0.807897     1.000000
 
    10          S            1      0.338643     1.000000
 
    11          P            1      120.160309     1.000000
 
    12          P            1      34.409622     1.000000
 
    13          P            1      12.581149     1.000000
 
    14          P            1      5.066382     1.000000
 
    15          P            1      2.034693     1.000000
 
    16          P            1      0.860930     1.000000
 
    17          P            1      0.366814     1.000000
 
    18          D            1      19.043063     1.000000
 
    19          D            1      5.806038     1.000000
 
    20          D            1      2.189184     1.000000
 
    21          D            1      0.877946     1.000000
 
    22          D            1      0.356236     1.000000
 
    23          F            1      2.493915     1.000000
 
    24          F            1      0.824915     1.000000
 
 
Atom #2 (H):
  Shell     Ang. Mom.     Prim.       Exp.         Coeff.
    1          S            1      9.530249     1.000000
 
    2          S            1      1.917451     1.000000
 
    3          S            1      0.684240     1.000000
 
    4          S            1      0.284133     1.000000
 
    5          P            1      2.913323     1.000000
 
    6          P            1      1.262121     1.000000
 
    7          P            1      0.501998     1.000000
 
    8          D            1      2.313533     1.000000
 
    9          D            1      0.712907     1.000000
 
 
Atom #3 (H):
  Shell     Ang. Mom.     Prim.       Exp.         Coeff.
    1          S            1      9.530249     1.000000
 
    2          S            1      1.917451     1.000000
 
    3          S            1      0.684240     1.000000
 
    4          S            1      0.284133     1.000000
 
    5          P            1      2.913323     1.000000
 
    6          P            1      1.262121     1.000000
 
    7          P            1      0.501998     1.000000
 
    8          D            1      2.313533     1.000000
 
    9          D            1      0.712907     1.000000
 
 
----------------------------------------          
     Printing basis set metadata...               
----------------------------------------          

Basis set: cc-pVDZ
Number of basis functions: 25
Auxillary Basis set: cc-pVDZ-JKFIT
Number of auxillary basis functions: 131
Number of electrons: 10
 
                       ========================================                 
                                       END BASIS                                
                       ========================================                 
--------------------------------------------------------------------------------
---------------------------------------------------------------------------------
                       ========================================          
                             MOLECULAR COORDINATE ANALYSIS               
                       ========================================          

----------------------------------------          
         Printing coordinates                     
            in xyz format...                      
----------------------------------------          
 
3

O         0.0     -0.14320516549977125     0.0
H         1.638033383417192     1.1365739651651092     0.0
H         -1.638033383417192     1.1365739651651092     0.0

                       ========================================          
                                END COORDINATE ANALYSIS                  
                       ========================================          
--------------------------------------------------------------------------------
                       ========================================                 
                                RESTRICTED CLOSED-SHELL                         
                                  HARTREE-FOCK ENERGY                           
                       ========================================                 

SCF Options:
------------------------------
Integral Load: static
Guess: hcore
Energy Convergence: 1.0e-6
Density Convergence: 1.0e-6
Max Iterations: 50
--------------------------------

Density Fitting Options:
--------------------------------
Contraction Mode: GPU
DF Energy Convergence: 1.0e-6
DF Density Convergence: 1.0e-6
DF Exchange Block Width: adaptive
DF Screening Sigma: 1.0e-5
DF Screen Exchange: false
DF Force Dense: false
DF Use Adaptive: true
DF Use K Symmetry: false
DF K Symmetry Type: square
DF Adaptive basis limit 100
DF number of GPUs: 1
DF Max Number of GPU Exchange Blocks: 16
DF GPU K Block Operations Threshold: 1.1e+12
--------------------------------
----------------------------------------          
       Starting RHF iterations...                 
----------------------------------------          
 
Iter        Energy                ΔE                Drms                time
num_devices: 1
using oneAPI GPU
1      -86.1539071106      -86.1539071106      7.2408607029      0.5056419373 
2      -93.6421346497      -7.4882275391      0.5094638468      0.4126009941 
3      -93.6969836140      -0.0548489643      0.0879317573      0.4024181366 
4      -93.7100932559      -0.0131096419      0.0403294798      0.4064059258 
5      -93.7139524114      -0.0038591555      0.0168530152      0.4176239967 
6      -93.7147476560      -0.0007952446      0.0070176699      0.4678099155 
7      -93.7147586001      -0.0000109441      0.0000278079      0.4193139076 
8      -93.7147599067      -0.0000013066      0.0000116025      0.3927319050 
9      -93.7147598928      0.0000000139      0.0000011037      0.3999528885 
 
----------------------------------------
   The SCF calculation has converged!   
----------------------------------------
Total SCF Energy: -93.7147599049 h
 
                       ========================================                 
                              END RESTRICTED CLOSED-SHELL                       
                                  HARTREE-FOCK ENERGY                           
                       ========================================                 
--------------------------------------------------------------------------------
--------------------------------------------------------------------------------
                       ========================================                 
                                RESTRICTED CLOSED-SHELL                         
                                HARTREE-FOCK PROPERTIES                         
                       ========================================                 

----------------------------------------          
 Computing molecular orbital energies...           
----------------------------------------          
 
Orbital #     Orbital energy (h)
    1           -32.630827    
    2           -7.439629    
    3           -5.543115    
    4           -5.041670    
    5           -4.264617    
    6           -4.260888    
    7           -4.439654    
    8           -4.172738    
    9           -3.490039    
    10           -3.437720    
    11           -3.241233    
    12           -3.243454    
    13           -2.659852    
    14           -2.514716    
    15           -2.654285    
    16           -2.200742    
    17           -7.804155    
    18           -5.637607    
    19           -4.857867    
    20           -3.319338    
    21           -5.879750    
    22           -3.634644    
    23           -3.215384    
    24           -2.545290    
    25           -2.390684    
 
----------------------------------------          
        Computing HOMO-LUMO gap...                
----------------------------------------          
 
The HOMO is located at MO orbital #5, 
  with an energy of -4.264617 h. 
 
The LUMO is located at MO orbital #6, 
  with an energy of -4.260888 h. 
 
HOMO-LUMO gap: 0.003729 h 
 
----------------------------------------          
     Computing mulliken charges...                
----------------------------------------          
 
Atom #     Symbol       Mulliken Pop.         Charge        
  1           O           6.178853          1.821147     
  2           H           1.910574          -0.910574     
  3           H           1.910574          -0.910574     

----------------------------------------          
     Computing multiple moments...                
----------------------------------------          
 
Dipole:       X           Y           Z         Tot. (D)        
          0.000000   -2.356918    -0.000000    2.356918     

                       ========================================                 
                              END RESTRICTED CLOSED-SHELL                       
                                HARTREE-FOCK PROPERTIES                         
                       ========================================                 
--------------------------------------------------------------------------------
--------------------------------------------------------------------------------
                      Your calculation has run to completion!                   
                                                                                
                       ========================================                 
                                   HAVE A NICE DAY!                             
                       ========================================                 
--------------------------------------------------------------------------------
--------------------------------------------------------------------------------
                       ========================================                 
                               WELCOME TO JULIACHEM.JL!                         
                       ========================================                 
                                                                                
              JuliaChem.jl is an electronic structure theory package            
         developed by the Gordon group at Iowa State University. It is          
        designed to apply the strengths of the Julia programming language       
          (high-level semantics and low-level performance) to a quantum         
                                chemistry package.                              
                                                                                
         For more information, refer to the following paper: Poole, D.          
        Galvaz Vallejo, J. L.; Gordon, M. S. "A New Kid on the Block:          
         Application of Julia to Hartree-Fock Calculations." J. Chem.          
                     Theory Compute. 2020, 16, 8, 5006-5013.                    
                                                                                
                                                                                
           Density Fitting Restricted Hartree Fock                              
               implemented by Jackson Hayes <jhayes1@iastate.edu                
                                                                                
       For questions on usage, email David Poole at davpoole@iastate.edu.       
                                                                                
--------------------------------------------------------------------------------
--------------------------------------------------------------------------------
                       ========================================                 
                                READING INPUT DATA FILE                         
                       ========================================                 
 
 
Number of worker processes: 1
Number of threads per process: 52
Number of threads in total: 52
 
                       ========================================                 
                                       END INPUT                                
                       ========================================                 
--------------------------------------------------------------------------------
--------------------------------------------------------------------------------
                       ========================================                 
                                GENERATING BASIS SET                            
                       ========================================                 
 
----------------------------------------          
          Printing basis set...                   
----------------------------------------          

Atom #1 (O):
  Shell     Ang. Mom.     Prim.       Exp.         Coeff.
    1          S            1      11720.000000     0.000710
    1          S            2      1759.000000     0.005470
    1          S            3      400.800000     0.027837
    1          S            4      113.700000     0.104800
    1          S            5      37.030000     0.283062
    1          S            6      13.270000     0.448719
    1          S            7      5.025000     0.270952
    1          S            8      1.013000     0.015458
 
    2          S            1      11720.000000     -0.000160
    2          S            2      1759.000000     -0.001263
    2          S            3      400.800000     -0.006267
    2          S            4      113.700000     -0.025716
    2          S            5      37.030000     -0.070924
    2          S            6      13.270000     -0.165411
    2          S            7      5.025000     -0.116955
    2          S            8      1.013000     0.557368
 
    3          S            1      0.302300     1.000000
 
    4          P            1      17.700000     0.043018
    4          P            2      3.854000     0.228913
    4          P            3      1.046000     0.508728
 
    5          P            1      0.275300     1.000000
 
    6          D            1      1.185000     1.000000
 
 
Atom #2 (H):
  Shell     Ang. Mom.     Prim.       Exp.         Coeff.
    1          S            1      13.010000     0.019685
    1          S            2      1.962000     0.137977
    1          S            3      0.444600     0.478148
 
    2          S            1      0.122000     1.000000
 
    3          P            1      0.727000     1.000000
 
 
Atom #3 (H):
  Shell     Ang. Mom.     Prim.       Exp.         Coeff.
    1          S            1      13.010000     0.019685
    1          S            2      1.962000     0.137977
    1          S            3      0.444600     0.478148
 
    2          S            1      0.122000     1.000000
 
    3          P            1      0.727000     1.000000
 
 
----------------------------------------          
       Printing Auxillary basis set...            
----------------------------------------          

Atom #1 (O):
  Shell     Ang. Mom.     Prim.       Exp.         Coeff.
    1          S            1      1517.866751     1.000000
 
    2          S            1      489.679520     1.000000
 
    3          S            1      176.721187     1.000000
 
    4          S            1      63.792233     1.000000
 
    5          S            1      25.366499     1.000000
 
    6          S            1      9.913549     1.000000
 
    7          S            1      4.464531     1.000000
 
    8          S            1      1.801774     1.000000
 
    9          S            1      0.807897     1.000000
 
    10          S            1      0.338643     1.000000
 
    11          P            1      120.160309     1.000000
 
    12          P            1      34.409622     1.000000
 
    13          P            1      12.581149     1.000000
 
    14          P            1      5.066382     1.000000
 
    15          P            1      2.034693     1.000000
 
    16          P            1      0.860930     1.000000
 
    17          P            1      0.366814     1.000000
 
    18          D            1      19.043063     1.000000
 
    19          D            1      5.806038     1.000000
 
    20          D            1      2.189184     1.000000
 
    21          D            1      0.877946     1.000000
 
    22          D            1      0.356236     1.000000
 
    23          F            1      2.493915     1.000000
 
    24          F            1      0.824915     1.000000
 
 
Atom #2 (H):
  Shell     Ang. Mom.     Prim.       Exp.         Coeff.
    1          S            1      9.530249     1.000000
 
    2          S            1      1.917451     1.000000
 
    3          S            1      0.684240     1.000000
 
    4          S            1      0.284133     1.000000
 
    5          P            1      2.913323     1.000000
 
    6          P            1      1.262121     1.000000
 
    7          P            1      0.501998     1.000000
 
    8          D            1      2.313533     1.000000
 
    9          D            1      0.712907     1.000000
 
 
Atom #3 (H):
  Shell     Ang. Mom.     Prim.       Exp.         Coeff.
    1          S            1      9.530249     1.000000
 
    2          S            1      1.917451     1.000000
 
    3          S            1      0.684240     1.000000
 
    4          S            1      0.284133     1.000000
 
    5          P            1      2.913323     1.000000
 
    6          P            1      1.262121     1.000000
 
    7          P            1      0.501998     1.000000
 
    8          D            1      2.313533     1.000000
 
    9          D            1      0.712907     1.000000
 
 
----------------------------------------          
     Printing basis set metadata...               
----------------------------------------          

Basis set: cc-pVDZ
Number of basis functions: 25
Auxillary Basis set: cc-pVDZ-JKFIT
Number of auxillary basis functions: 131
Number of electrons: 10
 
                       ========================================                 
                                       END BASIS                                
                       ========================================                 
--------------------------------------------------------------------------------
---------------------------------------------------------------------------------
                       ========================================          
                             MOLECULAR COORDINATE ANALYSIS               
                       ========================================          

----------------------------------------          
         Printing coordinates                     
            in xyz format...                      
----------------------------------------          
 
3

O         0.0     -0.14320516549977125     0.0
H         1.638033383417192     1.1365739651651092     0.0
H         -1.638033383417192     1.1365739651651092     0.0

                       ========================================          
                                END COORDINATE ANALYSIS                  
                       ========================================          
--------------------------------------------------------------------------------
                       ========================================                 
                                RESTRICTED CLOSED-SHELL                         
                                  HARTREE-FOCK ENERGY                           
                       ========================================                 

SCF Options:
------------------------------
Integral Load: static
Guess: hcore
Energy Convergence: 1.0e-6
Density Convergence: 1.0e-6
Max Iterations: 50
--------------------------------

Density Fitting Options:
--------------------------------
Contraction Mode: GPU
DF Energy Convergence: 1.0e-6
DF Density Convergence: 1.0e-6
DF Exchange Block Width: adaptive
DF Screening Sigma: 1.0e-5
DF Screen Exchange: false
DF Force Dense: false
DF Use Adaptive: true
DF Use K Symmetry: false
DF K Symmetry Type: square
DF Adaptive basis limit 100
DF number of GPUs: 1
DF Max Number of GPU Exchange Blocks: 16
DF GPU K Block Operations Threshold: 1.1e+12
--------------------------------
----------------------------------------          
       Starting RHF iterations...                 
----------------------------------------          
 
Iter        Energy                ΔE                Drms                time
num_devices: 1
using oneAPI GPU
1      -47.3557889576      -47.3557889576      7.7393257079      0.3907339573 
2      -94.2531971482      -46.8974081906      3.3065229446      0.3936550617 
3      -93.0874520733      1.1657450749      1.0957568273      0.3135738373 
4      -93.6419198365      -0.5544677632      0.1573253317      0.3786361217 
5      -93.6444797393      -0.0025599027      0.0324114803      0.3818891048 
6      -93.7006371689      -0.0561574297      0.0259756859      0.4038839340 
7      -93.7012708644      -0.0006336955      0.0039061118      0.3720011711 
8      -93.7116457603      -0.0103748959      0.0008709392      0.3735830784 
9      -93.7123813915      -0.0007356312      0.0001895111      0.3833937645 
10      -93.7101011633      0.0022802282      0.0009453109      0.3761909008 
11      -93.7097884624      0.0003127009      0.0002866114      0.4035830498 
12      -93.7077198827      0.0020685797      0.0008226297      0.3717081547 
13      -93.7073533458      0.0003665369      0.0000984416      0.3809680939 
14      -93.7069179427      0.0004354030      0.0008843966      0.3834049702 
15      -93.7004305300      0.0064874127      0.0062894174      0.3919839859 
16      -93.7032725835      -0.0028420535      0.0026377756      0.3843419552 
17      -93.7009245207      0.0023480628      0.0013001239      0.3881971836 
18      -93.6939263614      0.0069981593      0.0008844817      0.3899059296 
19      -93.6992222217      -0.0052958603      0.0029972283      0.3888869286 
20      -93.6993417339      -0.0001195122      0.0002126315      0.4082310200 
21      -93.6994687075      -0.0001269736      0.0000540158      0.3827929497 
22      -93.7050416628      -0.0055729553      0.0017803396      0.3814439774 
23      -93.7059494822      -0.0009078194      0.0006184881      0.3982660770 
24      -93.7058035554      0.0001459268      0.0003106812      0.3867659569 
25      -93.7461206357      -0.0403170803      0.0117808772      0.3908879757 
26      -93.7460625498      0.0000580859      0.0010962408      0.4090092182 
27      -93.7014987237      0.0445638261      0.0142078486      0.3832559586 
28      -93.7001985545      0.0013001692      0.0016598375      0.3878388405 
29      -93.6997368600      0.0004616945      0.0004513588      0.3829510212 
30      -93.6996892433      0.0000476167      0.0000419730      0.3829760551 
31      -93.6994765234      0.0002127198      0.0003571594      0.3715169430 
32      -93.6997263943      -0.0002498708      0.0000292724      0.3829369545 
33      -93.6999857070      -0.0002593128      0.0003940766      0.4055800438 
34      -93.7006036440      -0.0006179370      0.0004759903      0.3931109905 
35      -93.6995236445      0.0010799996      0.0016773856      0.3827271461 
36      -93.7000620128      -0.0005383684      0.0005161065      0.3874080181 
37      -93.7455911054      -0.0455290926      0.0426959973      0.4103438854 
38      -93.7462579303      -0.0006668249      0.0020457618      0.3846769333 
39      -93.7431498731      0.0031080573      0.0029811948      0.3996560574 
40      -93.7433007480      -0.0001508749      0.0201159016      0.4054098129 
41      -93.7405340969      0.0027666511      0.0006727111      0.3762369156 
42      -93.7319292329      0.0086048641      0.0061599012      0.3972690105 
43      -93.7425869832      -0.0106577503      0.0055925489      0.3689038754 
44      -93.7429190800      -0.0003320968      0.0010556124      0.3661808968 
45      -93.7435014760      -0.0005823961      0.0020753292      0.3835151196 
46      -93.7435581399      -0.0000566639      0.0001714921      0.3823928833 
47      -93.7439979145      -0.0004397745      0.0003049267      0.3827610016 
48      -93.7418322091      0.0021657054      0.0014632292      0.3203670979 
49      -93.7479832525      -0.0061510434      0.0207991204      0.4134719372 
50      -93.7473428830      0.0006403695      0.0003331714      0.4118010998 
 
----------------------------------------
 The SCF calculation did not converge.  
      Restart data is being output.     
----------------------------------------
 
                       ========================================                 
                              END RESTRICTED CLOSED-SHELL                       
                                  HARTREE-FOCK ENERGY                           
                       ========================================                 
--------------------------------------------------------------------------------
--------------------------------------------------------------------------------
                       ========================================                 
                                RESTRICTED CLOSED-SHELL                         
                                HARTREE-FOCK PROPERTIES                         
                       ========================================                 

----------------------------------------          
 Computing molecular orbital energies...           
----------------------------------------          
 
Orbital #     Orbital energy (h)
    1           -32.628719    
    2           -7.446207    
    3           -5.544436    
    4           -5.038467    
    5           -4.264618    
    6           -4.261016    
    7           -4.440378    
    8           -4.172427    
    9           -3.486705    
    10           -3.439762    
    11           -3.242212    
    12           -3.244112    
    13           -2.660042    
    14           -2.514715    
    15           -2.654788    
    16           -2.200770    
    17           -7.801993    
    18           -5.451006    
    19           -5.071649    
    20           -3.319330    
    21           -5.876937    
    22           -3.623240    
    23           -3.193318    
    24           -2.544861    
    25           -2.398191    
 
----------------------------------------          
        Computing HOMO-LUMO gap...                
----------------------------------------          
 
The HOMO is located at MO orbital #5, 
  with an energy of -4.264618 h. 
 
The LUMO is located at MO orbital #6, 
  with an energy of -4.261016 h. 
 
HOMO-LUMO gap: 0.003602 h 
 
----------------------------------------          
     Computing mulliken charges...                
----------------------------------------          
 
Atom #     Symbol       Mulliken Pop.         Charge        
  1           O           6.175427          1.824573     
  2           H           1.912287          -0.912287     
  3           H           1.912287          -0.912287     

----------------------------------------          
     Computing multiple moments...                
----------------------------------------          
 
Dipole:       X           Y           Z         Tot. (D)        
          0.000000   -2.361021    -0.000000    2.361021     

                       ========================================                 
                              END RESTRICTED CLOSED-SHELL                       
                                HARTREE-FOCK PROPERTIES                         
                       ========================================                 
--------------------------------------------------------------------------------
--------------------------------------------------------------------------------
                      Your calculation has run to completion!                   
                                                                                
                       ========================================                 
                                   HAVE A NICE DAY!                             
                       ========================================                 
--------------------------------------------------------------------------------
--------------------------------------------------------------------------------
                       ========================================                 
                               WELCOME TO JULIACHEM.JL!                         
                       ========================================                 
                                                                                
              JuliaChem.jl is an electronic structure theory package            
         developed by the Gordon group at Iowa State University. It is          
        designed to apply the strengths of the Julia programming language       
          (high-level semantics and low-level performance) to a quantum         
                                chemistry package.                              
                                                                                
         For more information, refer to the following paper: Poole, D.          
        Galvaz Vallejo, J. L.; Gordon, M. S. "A New Kid on the Block:          
         Application of Julia to Hartree-Fock Calculations." J. Chem.          
                     Theory Compute. 2020, 16, 8, 5006-5013.                    
                                                                                
                                                                                
           Density Fitting Restricted Hartree Fock                              
               implemented by Jackson Hayes <jhayes1@iastate.edu                
                                                                                
       For questions on usage, email David Poole at davpoole@iastate.edu.       
                                                                                
--------------------------------------------------------------------------------
--------------------------------------------------------------------------------
                       ========================================                 
                                READING INPUT DATA FILE                         
                       ========================================                 
 
 
Number of worker processes: 1
Number of threads per process: 52
Number of threads in total: 52
 
                       ========================================                 
                                       END INPUT                                
                       ========================================                 
--------------------------------------------------------------------------------
--------------------------------------------------------------------------------
                       ========================================                 
                                GENERATING BASIS SET                            
                       ========================================                 
 
----------------------------------------          
          Printing basis set...                   
----------------------------------------          

Atom #1 (O):
  Shell     Ang. Mom.     Prim.       Exp.         Coeff.
    1          S            1      11720.000000     0.000710
    1          S            2      1759.000000     0.005470
    1          S            3      400.800000     0.027837
    1          S            4      113.700000     0.104800
    1          S            5      37.030000     0.283062
    1          S            6      13.270000     0.448719
    1          S            7      5.025000     0.270952
    1          S            8      1.013000     0.015458
 
    2          S            1      11720.000000     -0.000160
    2          S            2      1759.000000     -0.001263
    2          S            3      400.800000     -0.006267
    2          S            4      113.700000     -0.025716
    2          S            5      37.030000     -0.070924
    2          S            6      13.270000     -0.165411
    2          S            7      5.025000     -0.116955
    2          S            8      1.013000     0.557368
 
    3          S            1      0.302300     1.000000
 
    4          P            1      17.700000     0.043018
    4          P            2      3.854000     0.228913
    4          P            3      1.046000     0.508728
 
    5          P            1      0.275300     1.000000
 
    6          D            1      1.185000     1.000000
 
 
Atom #2 (H):
  Shell     Ang. Mom.     Prim.       Exp.         Coeff.
    1          S            1      13.010000     0.019685
    1          S            2      1.962000     0.137977
    1          S            3      0.444600     0.478148
 
    2          S            1      0.122000     1.000000
 
    3          P            1      0.727000     1.000000
 
 
Atom #3 (H):
  Shell     Ang. Mom.     Prim.       Exp.         Coeff.
    1          S            1      13.010000     0.019685
    1          S            2      1.962000     0.137977
    1          S            3      0.444600     0.478148
 
    2          S            1      0.122000     1.000000
 
    3          P            1      0.727000     1.000000
 
 
----------------------------------------          
       Printing Auxillary basis set...            
----------------------------------------          

Atom #1 (O):
  Shell     Ang. Mom.     Prim.       Exp.         Coeff.
    1          S            1      1517.866751     1.000000
 
    2          S            1      489.679520     1.000000
 
    3          S            1      176.721187     1.000000
 
    4          S            1      63.792233     1.000000
 
    5          S            1      25.366499     1.000000
 
    6          S            1      9.913549     1.000000
 
    7          S            1      4.464531     1.000000
 
    8          S            1      1.801774     1.000000
 
    9          S            1      0.807897     1.000000
 
    10          S            1      0.338643     1.000000
 
    11          P            1      120.160309     1.000000
 
    12          P            1      34.409622     1.000000
 
    13          P            1      12.581149     1.000000
 
    14          P            1      5.066382     1.000000
 
    15          P            1      2.034693     1.000000
 
    16          P            1      0.860930     1.000000
 
    17          P            1      0.366814     1.000000
 
    18          D            1      19.043063     1.000000
 
    19          D            1      5.806038     1.000000
 
    20          D            1      2.189184     1.000000
 
    21          D            1      0.877946     1.000000
 
    22          D            1      0.356236     1.000000
 
    23          F            1      2.493915     1.000000
 
    24          F            1      0.824915     1.000000
 
 
Atom #2 (H):
  Shell     Ang. Mom.     Prim.       Exp.         Coeff.
    1          S            1      9.530249     1.000000
 
    2          S            1      1.917451     1.000000
 
    3          S            1      0.684240     1.000000
 
    4          S            1      0.284133     1.000000
 
    5          P            1      2.913323     1.000000
 
    6          P            1      1.262121     1.000000
 
    7          P            1      0.501998     1.000000
 
    8          D            1      2.313533     1.000000
 
    9          D            1      0.712907     1.000000
 
 
Atom #3 (H):
  Shell     Ang. Mom.     Prim.       Exp.         Coeff.
    1          S            1      9.530249     1.000000
 
    2          S            1      1.917451     1.000000
 
    3          S            1      0.684240     1.000000
 
    4          S            1      0.284133     1.000000
 
    5          P            1      2.913323     1.000000
 
    6          P            1      1.262121     1.000000
 
    7          P            1      0.501998     1.000000
 
    8          D            1      2.313533     1.000000
 
    9          D            1      0.712907     1.000000
 
 
----------------------------------------          
     Printing basis set metadata...               
----------------------------------------          

Basis set: cc-pVDZ
Number of basis functions: 25
Auxillary Basis set: cc-pVDZ-JKFIT
Number of auxillary basis functions: 131
Number of electrons: 10
 
                       ========================================                 
                                       END BASIS                                
                       ========================================                 
--------------------------------------------------------------------------------
---------------------------------------------------------------------------------
                       ========================================          
                             MOLECULAR COORDINATE ANALYSIS               
                       ========================================          

----------------------------------------          
         Printing coordinates                     
            in xyz format...                      
----------------------------------------          
 
3

O         0.0     -0.14320516549977125     0.0
H         1.638033383417192     1.1365739651651092     0.0
H         -1.638033383417192     1.1365739651651092     0.0

                       ========================================          
                                END COORDINATE ANALYSIS                  
                       ========================================          
--------------------------------------------------------------------------------
                       ========================================                 
                                RESTRICTED CLOSED-SHELL                         
                                  HARTREE-FOCK ENERGY                           
                       ========================================                 

SCF Options:
------------------------------
Integral Load: static
Guess: hcore
Energy Convergence: 1.0e-6
Density Convergence: 1.0e-6
Max Iterations: 50
--------------------------------

Density Fitting Options:
--------------------------------
Contraction Mode: GPU
DF Energy Convergence: 1.0e-6
DF Density Convergence: 1.0e-6
DF Exchange Block Width: adaptive
DF Screening Sigma: 1.0e-5
DF Screen Exchange: false
DF Force Dense: false
DF Use Adaptive: true
DF Use K Symmetry: false
DF K Symmetry Type: square
DF Adaptive basis limit 100
DF number of GPUs: 1
DF Max Number of GPU Exchange Blocks: 16
DF GPU K Block Operations Threshold: 1.1e+12
--------------------------------
----------------------------------------          
       Starting RHF iterations...                 
----------------------------------------          
 
Iter        Energy                ΔE                Drms                time
num_devices: 1
using oneAPI GPU
1      -86.1539071106      -86.1539071106      7.2408607029      0.4324750900 
2      -59.9241135861      26.2297935245      3.1737246683      0.4013750553 
3      -65.9009362323      -5.9768226462      1.2509219260      0.4073801041 
4      -76.7163828017      -10.8154465694      1.8114592912      0.3910250664 
5      -76.7603998297      -0.0440170279      1.2501991098      0.3894021511 
6      -84.3615462996      -7.6011464699      0.9195683579      0.3880419731 
7      -84.4653591091      -0.1038128095      0.0418883631      0.3764228821 
8      -89.1318754500      -4.6665163409      0.3952090348      0.3178720474 
9      -89.2718156442      -0.1399401943      0.0556133321      0.3902399540 
10      -89.0422326067      0.2295830375      0.0976165337      0.3913071156 
11      -90.7994781401      -1.7572455334      0.1526077644      0.3933079243 
12      -91.6309250453      -0.8314469052      0.0704534383      0.3729829788 
13      -91.7221279456      -0.0912029003      0.0261935792      0.3893349171 
14      -91.5990292312      0.1230987144      0.0457202360      0.3857262135 
15      -91.4960830674      0.1029461638      0.0490338055      0.3647620678 
16      -91.3384795789      0.1576034885      0.0594526024      0.3754489422 
17      -91.4574949192      -0.1190153404      0.0572869340      0.3941509724 
18      -91.5076455676      -0.0501506484      0.0190464248      0.3103718758 
19      -91.5041459225      0.0034996451      0.0103488511      0.3113460541 
20      -92.4730221747      -0.9688762521      0.0671951694      0.3946650028 
21      -92.7063819172      -0.2333597426      0.0235434831      0.3941860199 
22      -92.8014885698      -0.0951066525      0.0131001418      0.4131910801 
23      -90.8785463008      1.9229422690      0.1757800394      0.3979511261 
24      -90.8122395202      0.0663067806      0.0242767410      0.3133361340 
25      -90.2839765047      0.5282630155      0.0532161192      0.3897931576 
26      -89.4060508930      0.8779256117      0.1736832794      0.3529031277 
27      -101.4830118361      -12.0769609431      4.3750494900      0.3363661766 
28      -101.8070201144      -0.3240082782      0.0110333018      0.3355939388 
29      -195.9966742221      -94.1896541077      3.7278614347      0.4127869606 
30      -344.6115981534      -148.6149239312      0.4295002166      0.3373148441 
31      -93.1418802050      251.4697179483      6.0637934707      0.3211169243 
32      -92.1811910871      0.9606891180      0.1692959772      0.4063310623 
33      -101.7172757902      -9.5360847031      4.7315843474      0.4049999714 
34      -91.3901322540      10.3271435362      4.7293005092      0.4015638828 
35      -91.0656952412      0.3244370128      0.0744002925      0.4160521030 
36      -91.1060303344      -0.0403350931      0.0413286479      0.4064848423 
37      -91.5856664551      -0.4796361207      0.0543009760      0.3909449577 
38      -90.9511711766      0.6344952785      0.1960000543      0.3975381851 
39      -91.0280178295      -0.0768466530      0.3050336860      0.3962039948 
40      -91.5049532215      -0.4769353920      0.0996704562      0.4050569534 
41      -91.4928449065      0.0121083150      0.0124927618      0.3141980171 
42      -91.0153544067      0.4774904998      0.1221614753      0.3093698025 
43      -91.5132106076      -0.4978562009      0.0904717388      0.3299710751 
44      -91.5767541423      -0.0635435347      0.0424453938      0.4057590961 
45      -91.6563000986      -0.0795459563      0.0157153163      0.3903770447 
46      -91.7848117841      -0.1285116855      0.0325836930      0.4076950550 
47      -92.0020119132      -0.2172001291      0.0741397573      0.4049317837 
48      -92.5177505899      -0.5157386766      4.4223274686      0.3952870369 
49      -92.6573212308      -0.1395706409      4.4227750821      0.4076271057 
50      -92.6667106782      -0.0093894474      0.0249457021      0.4043490887 
 
----------------------------------------
 The SCF calculation did not converge.  
      Restart data is being output.     
----------------------------------------
 
                       ========================================                 
                              END RESTRICTED CLOSED-SHELL                       
                                  HARTREE-FOCK ENERGY                           
                       ========================================                 
--------------------------------------------------------------------------------
--------------------------------------------------------------------------------
                       ========================================                 
                                RESTRICTED CLOSED-SHELL                         
                                HARTREE-FOCK PROPERTIES                         
                       ========================================                 

----------------------------------------          
 Computing molecular orbital energies...           
----------------------------------------          
 
Orbital #     Orbital energy (h)
    1           -32.609668    
    2           -7.439302    
    3           -5.513239    
    4           -5.013118    
    5           -4.264670    
    6           -3.899910    
    7           -4.175567    
    8           -4.424007    
    9           -4.170791    
    10           -3.426280    
    11           -3.220672    
    12           -3.217776    
    13           -3.111370    
    14           -2.657974    
    15           -2.514664    
    16           -2.657026    
    17           -2.199785    
    18           -6.046301    
    19           -7.635254    
    20           -5.907605    
    21           -4.498479    
    22           -3.701870    
    23           -3.278767    
    24           -2.586353    
    25           -2.349451    
 
----------------------------------------          
        Computing HOMO-LUMO gap...                
----------------------------------------          
 
The HOMO is located at MO orbital #5, 
  with an energy of -4.264670 h. 
 
The LUMO is located at MO orbital #6, 
  with an energy of -3.899910 h. 
 
HOMO-LUMO gap: 0.364759 h 
 
----------------------------------------          
     Computing mulliken charges...                
----------------------------------------          
 
Atom #     Symbol       Mulliken Pop.         Charge        
  1           O           6.161974          1.838026     
  2           H           1.919013          -0.919013     
  3           H           1.919013          -0.919013     

----------------------------------------          
     Computing multiple moments...                
----------------------------------------          
 
Dipole:       X           Y           Z         Tot. (D)        
          0.000000   -2.441021    -0.000000    2.441021     

                       ========================================                 
                              END RESTRICTED CLOSED-SHELL                       
                                HARTREE-FOCK PROPERTIES                         
                       ========================================                 
--------------------------------------------------------------------------------
--------------------------------------------------------------------------------
                      Your calculation has run to completion!                   
                                                                                
                       ========================================                 
                                   HAVE A NICE DAY!                             
                       ========================================                 
--------------------------------------------------------------------------------
--------------------------------------------------------------------------------
                       ========================================                 
                               WELCOME TO JULIACHEM.JL!                         
                       ========================================                 
                                                                                
              JuliaChem.jl is an electronic structure theory package            
         developed by the Gordon group at Iowa State University. It is          
        designed to apply the strengths of the Julia programming language       
          (high-level semantics and low-level performance) to a quantum         
                                chemistry package.                              
                                                                                
         For more information, refer to the following paper: Poole, D.          
        Galvaz Vallejo, J. L.; Gordon, M. S. "A New Kid on the Block:          
         Application of Julia to Hartree-Fock Calculations." J. Chem.          
                     Theory Compute. 2020, 16, 8, 5006-5013.                    
                                                                                
                                                                                
           Density Fitting Restricted Hartree Fock                              
               implemented by Jackson Hayes <jhayes1@iastate.edu                
                                                                                
       For questions on usage, email David Poole at davpoole@iastate.edu.       
                                                                                
--------------------------------------------------------------------------------
--------------------------------------------------------------------------------
                       ========================================                 
                                READING INPUT DATA FILE                         
                       ========================================                 
 
 
Number of worker processes: 1
Number of threads per process: 52
Number of threads in total: 52
 
                       ========================================                 
                                       END INPUT                                
                       ========================================                 
--------------------------------------------------------------------------------
--------------------------------------------------------------------------------
                       ========================================                 
                                GENERATING BASIS SET                            
                       ========================================                 
 
----------------------------------------          
          Printing basis set...                   
----------------------------------------          

Atom #1 (O):
  Shell     Ang. Mom.     Prim.       Exp.         Coeff.
    1          S            1      11720.000000     0.000710
    1          S            2      1759.000000     0.005470
    1          S            3      400.800000     0.027837
    1          S            4      113.700000     0.104800
    1          S            5      37.030000     0.283062
    1          S            6      13.270000     0.448719
    1          S            7      5.025000     0.270952
    1          S            8      1.013000     0.015458
 
    2          S            1      11720.000000     -0.000160
    2          S            2      1759.000000     -0.001263
    2          S            3      400.800000     -0.006267
    2          S            4      113.700000     -0.025716
    2          S            5      37.030000     -0.070924
    2          S            6      13.270000     -0.165411
    2          S            7      5.025000     -0.116955
    2          S            8      1.013000     0.557368
 
    3          S            1      0.302300     1.000000
 
    4          P            1      17.700000     0.043018
    4          P            2      3.854000     0.228913
    4          P            3      1.046000     0.508728
 
    5          P            1      0.275300     1.000000
 
    6          D            1      1.185000     1.000000
 
 
Atom #2 (H):
  Shell     Ang. Mom.     Prim.       Exp.         Coeff.
    1          S            1      13.010000     0.019685
    1          S            2      1.962000     0.137977
    1          S            3      0.444600     0.478148
 
    2          S            1      0.122000     1.000000
 
    3          P            1      0.727000     1.000000
 
 
Atom #3 (H):
  Shell     Ang. Mom.     Prim.       Exp.         Coeff.
    1          S            1      13.010000     0.019685
    1          S            2      1.962000     0.137977
    1          S            3      0.444600     0.478148
 
    2          S            1      0.122000     1.000000
 
    3          P            1      0.727000     1.000000
 
 
----------------------------------------          
       Printing Auxillary basis set...            
----------------------------------------          

Atom #1 (O):
  Shell     Ang. Mom.     Prim.       Exp.         Coeff.
    1          S            1      1517.866751     1.000000
 
    2          S            1      489.679520     1.000000
 
    3          S            1      176.721187     1.000000
 
    4          S            1      63.792233     1.000000
 
    5          S            1      25.366499     1.000000
 
    6          S            1      9.913549     1.000000
 
    7          S            1      4.464531     1.000000
 
    8          S            1      1.801774     1.000000
 
    9          S            1      0.807897     1.000000
 
    10          S            1      0.338643     1.000000
 
    11          P            1      120.160309     1.000000
 
    12          P            1      34.409622     1.000000
 
    13          P            1      12.581149     1.000000
 
    14          P            1      5.066382     1.000000
 
    15          P            1      2.034693     1.000000
 
    16          P            1      0.860930     1.000000
 
    17          P            1      0.366814     1.000000
 
    18          D            1      19.043063     1.000000
 
    19          D            1      5.806038     1.000000
 
    20          D            1      2.189184     1.000000
 
    21          D            1      0.877946     1.000000
 
    22          D            1      0.356236     1.000000
 
    23          F            1      2.493915     1.000000
 
    24          F            1      0.824915     1.000000
 
 
Atom #2 (H):
  Shell     Ang. Mom.     Prim.       Exp.         Coeff.
    1          S            1      9.530249     1.000000
 
    2          S            1      1.917451     1.000000
 
    3          S            1      0.684240     1.000000
 
    4          S            1      0.284133     1.000000
 
    5          P            1      2.913323     1.000000
 
    6          P            1      1.262121     1.000000
 
    7          P            1      0.501998     1.000000
 
    8          D            1      2.313533     1.000000
 
    9          D            1      0.712907     1.000000
 
 
Atom #3 (H):
  Shell     Ang. Mom.     Prim.       Exp.         Coeff.
    1          S            1      9.530249     1.000000
 
    2          S            1      1.917451     1.000000
 
    3          S            1      0.684240     1.000000
 
    4          S            1      0.284133     1.000000
 
    5          P            1      2.913323     1.000000
 
    6          P            1      1.262121     1.000000
 
    7          P            1      0.501998     1.000000
 
    8          D            1      2.313533     1.000000
 
    9          D            1      0.712907     1.000000
 
 
----------------------------------------          
     Printing basis set metadata...               
----------------------------------------          

Basis set: cc-pVDZ
Number of basis functions: 25
Auxillary Basis set: cc-pVDZ-JKFIT
Number of auxillary basis functions: 131
Number of electrons: 10
 
                       ========================================                 
                                       END BASIS                                
                       ========================================                 
--------------------------------------------------------------------------------
---------------------------------------------------------------------------------
                       ========================================          
                             MOLECULAR COORDINATE ANALYSIS               
                       ========================================          

----------------------------------------          
         Printing coordinates                     
            in xyz format...                      
----------------------------------------          
 
3

O         0.0     -0.14320516549977125     0.0
H         1.638033383417192     1.1365739651651092     0.0
H         -1.638033383417192     1.1365739651651092     0.0

                       ========================================          
                                END COORDINATE ANALYSIS                  
                       ========================================          
--------------------------------------------------------------------------------
                       ========================================                 
                                RESTRICTED CLOSED-SHELL                         
                                  HARTREE-FOCK ENERGY                           
                       ========================================                 

SCF Options:
------------------------------
Integral Load: static
Guess: hcore
Energy Convergence: 1.0e-6
Density Convergence: 1.0e-6
Max Iterations: 50
--------------------------------

Density Fitting Options:
--------------------------------
Contraction Mode: GPU
DF Energy Convergence: 1.0e-6
DF Density Convergence: 1.0e-6
DF Exchange Block Width: adaptive
DF Screening Sigma: 1.0e-5
DF Screen Exchange: false
DF Force Dense: false
DF Use Adaptive: true
DF Use K Symmetry: false
DF K Symmetry Type: square
DF Adaptive basis limit 100
DF number of GPUs: 1
DF Max Number of GPU Exchange Blocks: 16
DF GPU K Block Operations Threshold: 1.1e+12
--------------------------------
----------------------------------------          
       Starting RHF iterations...                 
----------------------------------------          
 
Iter        Energy                ΔE                Drms                time
num_devices: 1
using oneAPI GPU
1      -49.9201807785      -49.9201807785      8.0601758339      0.5061559677 
2      -93.8752324781      -43.9550516996      3.8864486059      0.3958129883 
3      -75.1036581363      18.7715743418      2.1284485347      0.4009668827 
4      -79.9823996423      -4.8787415060      0.7342309576      0.4106631279 
5      -84.0103139846      -4.0279143423      0.7296078262      0.3479731083 
6      -83.2351132469      0.7752007378      0.9602336392      0.3878319263 
7      -83.4671444532      -0.2320312064      0.1592746793      0.3972148895 
8      -83.6838810751      -0.2167366219      0.1126183607      0.4052488804 
9      -82.8964445866      0.7874364885      0.2218536232      0.3944010735 
10      -82.9271706440      -0.0307260574      0.0177400185      0.3882398605 
11      -84.6021122210      -1.6749415769      0.1621116260      0.3824639320 
12      -86.9020096235      -2.2998974025      0.1945604675      0.3972058296 
13      -84.3618173867      2.5401922368      0.2157608573      0.3915989399 
14      -84.9900541261      -0.6282367393      0.0647987601      0.3998079300 
15      -84.7485653867      0.2414887394      0.0909346051      0.3164460659 
16      -91.4050189159      -6.6564535292      0.5564737487      0.3975150585 
17      -91.1885958840      0.2164230319      0.1913948116      0.4147188663 
18      -90.7532399966      0.4353558874      0.1800753632      0.4033060074 
19      -91.3926539083      -0.6394139117      0.1908751761      0.3885509968 
20      -91.0548077995      0.3378461088      0.0809929967      0.3927230835 
21      -91.1574568864      -0.1026490869      0.0214981933      0.3863360882 
22      -89.0458420027      2.1116148837      0.1494913366      0.3940479755 
23      -88.6042380754      0.4416039272      0.0762696957      0.3885738850 
24      -88.8231176348      -0.2188795594      0.1212743308      0.3923850060 
25      -94.0758318406      -5.2527142058      0.3705031833      0.4081690311 
26      -94.1465736147      -0.0707417741      0.0661152366      0.3153350353 
27      -94.3041015785      -0.1575279638      0.0237343732      0.3145241737 
28      -94.3467928322      -0.0426912537      0.0091101990      0.3779320717 
29      -92.1497010968      2.1970917354      0.1650864720      0.4037549496 
30      -92.8792853747      -0.7295842779      0.0468820164      0.3796370029 
31      -93.0855666626      -0.2062812879      0.0131019724      0.3821840286 
32      -92.3687064127      0.7168602498      0.0372454581      0.3811130524 
33      -92.7438060700      -0.3750996573      0.0487411790      0.3797950745 
34      -92.7014053423      0.0424007278      0.0030940530      0.4124021530 
35      -92.6499468152      0.0514585271      0.0198266861      0.3801670074 
36      -94.2593351191      -1.6093883038      0.0967167018      0.3941869736 
37      -94.4123988872      -0.1530637681      0.0177282817      0.3898391724 
38      -93.3097550763      1.1026438109      0.0694862896      0.3910009861 
39      -93.9310266469      -0.6212715706      0.0429607478      0.3948230743 
40      -94.0008770030      -0.0698503561      0.0060865585      0.3860659599 
41      -92.7792966631      1.2215803398      0.0732424877      0.4120609760 
42      -92.4865848262      0.2927118369      0.1210275465      0.3842310905 
43      -92.4509311656      0.0356536606      0.0224096306      0.3839349747 
44      -92.4979915891      -0.0470604235      0.0840871654      0.3838789463 
45      -92.5338986580      -0.0359070689      0.0065486937      0.3750090599 
46      -92.5134313313      0.0204673267      0.0087312329      0.3973989487 
47      -92.4944252504      0.0190060809      0.0050121279      0.3864219189 
48      -92.5009219318      -0.0064966814      0.0019673275      0.3838210106 
49      -92.3488151145      0.1521068173      0.0773002161      0.4043998718 
50      -92.4182877448      -0.0694726303      0.0132069496      0.4009699821 
 
----------------------------------------
 The SCF calculation did not converge.  
      Restart data is being output.     
----------------------------------------
 
                       ========================================                 
                              END RESTRICTED CLOSED-SHELL                       
                                  HARTREE-FOCK ENERGY                           
                       ========================================                 
--------------------------------------------------------------------------------
--------------------------------------------------------------------------------
                       ========================================                 
                                RESTRICTED CLOSED-SHELL                         
                                HARTREE-FOCK PROPERTIES                         
                       ========================================                 

----------------------------------------          
 Computing molecular orbital energies...           
----------------------------------------          
 
Orbital #     Orbital energy (h)
    1           -32.470382    
    2           -7.401628    
    3           -5.500367    
    4           -5.010035    
    5           -4.264682    
    6           -4.253138    
    7           -4.425553    
    8           -4.170200    
    9           -3.414819    
    10           -3.286162    
    11           -3.208059    
    12           -3.232894    
    13           -2.655821    
    14           -2.514652    
    15           -2.656625    
    16           -2.199458    
    17           -5.723022    
    18           -7.872570    
    19           -5.955349    
    20           -3.410231    
    21           -4.744792    
    22           -3.624827    
    23           -3.555389    
    24           -2.565028    
    25           -2.404213    
 
----------------------------------------          
        Computing HOMO-LUMO gap...                
----------------------------------------          
 
The HOMO is located at MO orbital #5, 
  with an energy of -4.264682 h. 
 
The LUMO is located at MO orbital #6, 
  with an energy of -4.253138 h. 
 
HOMO-LUMO gap: 0.011544 h 
 
----------------------------------------          
     Computing mulliken charges...                
----------------------------------------          
 
Atom #     Symbol       Mulliken Pop.         Charge        
  1           O           6.169325          1.830675     
  2           H           1.915338          -0.915338     
  3           H           1.915338          -0.915338     

----------------------------------------          
     Computing multiple moments...                
----------------------------------------          
 
Dipole:       X           Y           Z         Tot. (D)        
          -0.000000   -2.420360    -0.000000    2.420360     

                       ========================================                 
                              END RESTRICTED CLOSED-SHELL                       
                                HARTREE-FOCK PROPERTIES                         
                       ========================================                 
--------------------------------------------------------------------------------
--------------------------------------------------------------------------------
                      Your calculation has run to completion!                   
                                                                                
                       ========================================                 
                                   HAVE A NICE DAY!                             
                       ========================================                 
--------------------------------------------------------------------------------
--------------------------------------------------------------------------------
                       ========================================                 
                               WELCOME TO JULIACHEM.JL!                         
                       ========================================                 
                                                                                
              JuliaChem.jl is an electronic structure theory package            
         developed by the Gordon group at Iowa State University. It is          
        designed to apply the strengths of the Julia programming language       
          (high-level semantics and low-level performance) to a quantum         
                                chemistry package.                              
                                                                                
         For more information, refer to the following paper: Poole, D.          
        Galvaz Vallejo, J. L.; Gordon, M. S. "A New Kid on the Block:          
         Application of Julia to Hartree-Fock Calculations." J. Chem.          
                     Theory Compute. 2020, 16, 8, 5006-5013.                    
                                                                                
                                                                                
           Density Fitting Restricted Hartree Fock                              
               implemented by Jackson Hayes <jhayes1@iastate.edu                
                                                                                
       For questions on usage, email David Poole at davpoole@iastate.edu.       
                                                                                
--------------------------------------------------------------------------------
--------------------------------------------------------------------------------
                       ========================================                 
                                READING INPUT DATA FILE                         
                       ========================================                 
 
 
Number of worker processes: 1
Number of threads per process: 52
Number of threads in total: 52
 
                       ========================================                 
                                       END INPUT                                
                       ========================================                 
--------------------------------------------------------------------------------
--------------------------------------------------------------------------------
                       ========================================                 
                                GENERATING BASIS SET                            
                       ========================================                 
 
----------------------------------------          
          Printing basis set...                   
----------------------------------------          

Atom #1 (O):
  Shell     Ang. Mom.     Prim.       Exp.         Coeff.
    1          S            1      11720.000000     0.000710
    1          S            2      1759.000000     0.005470
    1          S            3      400.800000     0.027837
    1          S            4      113.700000     0.104800
    1          S            5      37.030000     0.283062
    1          S            6      13.270000     0.448719
    1          S            7      5.025000     0.270952
    1          S            8      1.013000     0.015458
 
    2          S            1      11720.000000     -0.000160
    2          S            2      1759.000000     -0.001263
    2          S            3      400.800000     -0.006267
    2          S            4      113.700000     -0.025716
    2          S            5      37.030000     -0.070924
    2          S            6      13.270000     -0.165411
    2          S            7      5.025000     -0.116955
    2          S            8      1.013000     0.557368
 
    3          S            1      0.302300     1.000000
 
    4          P            1      17.700000     0.043018
    4          P            2      3.854000     0.228913
    4          P            3      1.046000     0.508728
 
    5          P            1      0.275300     1.000000
 
    6          D            1      1.185000     1.000000
 
 
Atom #2 (H):
  Shell     Ang. Mom.     Prim.       Exp.         Coeff.
    1          S            1      13.010000     0.019685
    1          S            2      1.962000     0.137977
    1          S            3      0.444600     0.478148
 
    2          S            1      0.122000     1.000000
 
    3          P            1      0.727000     1.000000
 
 
Atom #3 (H):
  Shell     Ang. Mom.     Prim.       Exp.         Coeff.
    1          S            1      13.010000     0.019685
    1          S            2      1.962000     0.137977
    1          S            3      0.444600     0.478148
 
    2          S            1      0.122000     1.000000
 
    3          P            1      0.727000     1.000000
 
 
----------------------------------------          
       Printing Auxillary basis set...            
----------------------------------------          

Atom #1 (O):
  Shell     Ang. Mom.     Prim.       Exp.         Coeff.
    1          S            1      1517.866751     1.000000
 
    2          S            1      489.679520     1.000000
 
    3          S            1      176.721187     1.000000
 
    4          S            1      63.792233     1.000000
 
    5          S            1      25.366499     1.000000
 
    6          S            1      9.913549     1.000000
 
    7          S            1      4.464531     1.000000
 
    8          S            1      1.801774     1.000000
 
    9          S            1      0.807897     1.000000
 
    10          S            1      0.338643     1.000000
 
    11          P            1      120.160309     1.000000
 
    12          P            1      34.409622     1.000000
 
    13          P            1      12.581149     1.000000
 
    14          P            1      5.066382     1.000000
 
    15          P            1      2.034693     1.000000
 
    16          P            1      0.860930     1.000000
 
    17          P            1      0.366814     1.000000
 
    18          D            1      19.043063     1.000000
 
    19          D            1      5.806038     1.000000
 
    20          D            1      2.189184     1.000000
 
    21          D            1      0.877946     1.000000
 
    22          D            1      0.356236     1.000000
 
    23          F            1      2.493915     1.000000
 
    24          F            1      0.824915     1.000000
 
 
Atom #2 (H):
  Shell     Ang. Mom.     Prim.       Exp.         Coeff.
    1          S            1      9.530249     1.000000
 
    2          S            1      1.917451     1.000000
 
    3          S            1      0.684240     1.000000
 
    4          S            1      0.284133     1.000000
 
    5          P            1      2.913323     1.000000
 
    6          P            1      1.262121     1.000000
 
    7          P            1      0.501998     1.000000
 
    8          D            1      2.313533     1.000000
 
    9          D            1      0.712907     1.000000
 
 
Atom #3 (H):
  Shell     Ang. Mom.     Prim.       Exp.         Coeff.
    1          S            1      9.530249     1.000000
 
    2          S            1      1.917451     1.000000
 
    3          S            1      0.684240     1.000000
 
    4          S            1      0.284133     1.000000
 
    5          P            1      2.913323     1.000000
 
    6          P            1      1.262121     1.000000
 
    7          P            1      0.501998     1.000000
 
    8          D            1      2.313533     1.000000
 
    9          D            1      0.712907     1.000000
 
 
----------------------------------------          
     Printing basis set metadata...               
----------------------------------------          

Basis set: cc-pVDZ
Number of basis functions: 25
Auxillary Basis set: cc-pVDZ-JKFIT
Number of auxillary basis functions: 131
Number of electrons: 10
 
                       ========================================                 
                                       END BASIS                                
                       ========================================                 
--------------------------------------------------------------------------------
---------------------------------------------------------------------------------
                       ========================================          
                             MOLECULAR COORDINATE ANALYSIS               
                       ========================================          

----------------------------------------          
         Printing coordinates                     
            in xyz format...                      
----------------------------------------          
 
3

O         0.0     -0.14320516549977125     0.0
H         1.638033383417192     1.1365739651651092     0.0
H         -1.638033383417192     1.1365739651651092     0.0

                       ========================================          
                                END COORDINATE ANALYSIS                  
                       ========================================          
--------------------------------------------------------------------------------
                       ========================================                 
                                RESTRICTED CLOSED-SHELL                         
                                  HARTREE-FOCK ENERGY                           
                       ========================================                 

SCF Options:
------------------------------
Integral Load: static
Guess: hcore
Energy Convergence: 1.0e-6
Density Convergence: 1.0e-6
Max Iterations: 50
--------------------------------

Density Fitting Options:
--------------------------------
Contraction Mode: GPU
DF Energy Convergence: 1.0e-6
DF Density Convergence: 1.0e-6
DF Exchange Block Width: adaptive
DF Screening Sigma: 1.0e-5
DF Screen Exchange: false
DF Force Dense: false
DF Use Adaptive: true
DF Use K Symmetry: false
DF K Symmetry Type: square
DF Adaptive basis limit 100
DF number of GPUs: 1
DF Max Number of GPU Exchange Blocks: 16
DF GPU K Block Operations Threshold: 1.1e+12
--------------------------------
----------------------------------------          
       Starting RHF iterations...                 
----------------------------------------          
 
Iter        Energy                ΔE                Drms                time
num_devices: 1
using oneAPI GPU
1      -49.5550583570      -49.5550583570      8.0436743670      0.3979609013 
2      -93.5947703947      -44.0397120377      3.6074887180      0.3228030205 
3      -93.4006553608      0.1941150339      0.6093073149      0.3989770412 
4      -93.6807909389      -0.2801355781      0.0898590694      0.3901479244 
5      -93.6853708757      -0.0045799368      0.0093807122      0.3832399845 
6      -93.6858376236      -0.0004667479      0.0013923771      0.3832290173 
7      -93.7224804366      -0.0366428130      0.0367221845      0.3887479305 
8      -93.7203266407      0.0021537959      0.0127058956      0.3870589733 
9      -93.7188240773      0.0015025634      0.0069168531      0.4038789272 
10      -93.7186196227      0.0002044545      0.0006676821      0.3882200718 
11      -93.7185904760      0.0000291467      0.0000596762      0.3116319180 
12      -104.4713389523      -10.7527484763      4.7118089736      0.3897671700 
13      -114.5107836763      -10.0394447240      0.0835873686      0.3072290421 
14      -115.2903507278      -0.7795670515      0.0036953296      0.3115119934 
15      -4118.9042736997      -4003.6139229719      0.1175130043      0.3125469685 
16      -1291.8769377977      2827.0273359020      0.0123157522      0.3746409416 
17      -1285.4588809607      6.4180568370      0.0008237310      0.3775579929 
18      -1234.0478175628      51.4110633979      0.0010696162      0.3885440826 
19      -1065.0662851027      168.9815324600      0.0024713332      0.3405680656 
20      -938.3149618738      126.7513232289      0.0030430030      0.3867518902 
21      -557.2378053668      381.0771565070      0.0030016694      0.3782699108 
22      -370.3319775799      186.9058277869      0.1123297048      0.3911969662 
23      -248.9234036802      121.4085738998      0.1274635971      0.3801410198 
24      -175.7844794122      73.1389242680      0.0582744530      0.3900308609 
25      -132.4609487952      43.3235306170      0.1118376080      0.4005601406 
26      -107.7391665772      24.7217822180      0.2495241870      0.3869700432 
27      -95.1568548725      12.5823117047      0.3256039286      0.3197929859 
28      -91.9300471865      3.2268076860      4.5573263551      0.4012019634 
29      -92.5977101151      -0.6676629286      0.1951177445      0.3810470104 
30      -93.2034449751      -0.6057348600      0.1491401737      0.3838229179 
31      -93.8660770182      -0.6626320431      0.1536977028      0.3879039288 
32      -93.8913935322      -0.0253165140      0.0275251839      0.3926470280 
33      -93.9091506247      -0.0177570925      0.0091772156      0.3904888630 
34      -93.9059054324      0.0032451924      0.0088540784      0.3978800774 
35      -93.9198546157      -0.0139491833      0.0040270967      0.3919720650 
36      -94.0333380222      -0.1134834065      0.0163685504      0.3865878582 
37      -94.1044344763      -0.0710964542      0.0294148753      0.3856329918 
38      -94.1070961774      -0.0026617011      0.0037836353      0.3151800632 
39      -94.1101957634      -0.0030995860      0.0006410480      0.3884980679 
40      -94.1101295438      0.0000662196      0.0001853672      0.3809669018 
41      -94.1138941013      -0.0037645574      0.0006534989      0.4121751785 
42      -94.0914986953      0.0223954060      0.0039668584      0.3145258427 
43      -94.0400355970      0.0514630983      0.0088940376      0.4048888683 
44      -93.5526971135      0.4873384835      0.0783441497      0.3783979416 
45      -93.5491205182      0.0035765953      0.0025202496      0.3785519600 
46      -93.5451590652      0.0039614530      0.0021787316      0.3501400948 
47      -93.5309339757      0.0142250894      0.0075672189      0.3874230385 
48      -93.7156360704      -0.1847020946      0.0297767083      0.4055631161 
49      -93.7241688804      -0.0085328101      0.0014344920      0.3890821934 
50      -93.9871810235      -0.2630121430      0.0807709022      0.3935070038 
 
----------------------------------------
 The SCF calculation did not converge.  
      Restart data is being output.     
----------------------------------------
 
                       ========================================                 
                              END RESTRICTED CLOSED-SHELL                       
                                  HARTREE-FOCK ENERGY                           
                       ========================================                 
--------------------------------------------------------------------------------
--------------------------------------------------------------------------------
                       ========================================                 
                                RESTRICTED CLOSED-SHELL                         
                                HARTREE-FOCK PROPERTIES                         
                       ========================================                 

----------------------------------------          
 Computing molecular orbital energies...           
----------------------------------------          
 
Orbital #     Orbital energy (h)
    1           -32.642914    
    2           -7.424574    
    3           -5.538234    
    4           -5.063717    
    5           -4.254376    
    6           -4.266688    
    7           -4.461781    
    8           -4.171967    
    9           -3.515169    
    10           -3.457053    
    11           -3.254743    
    12           -3.243520    
    13           -2.664130    
    14           -2.512645    
    15           -2.652647    
    16           -2.201213    
    17           -7.795080    
    18           -5.642006    
    19           -4.801952    
    20           -3.315592    
    21           -5.848453    
    22           -3.630366    
    23           -3.230786    
    24           -2.541083    
    25           -2.389211    
 
----------------------------------------          
        Computing HOMO-LUMO gap...                
----------------------------------------          
 
The HOMO is located at MO orbital #5, 
  with an energy of -4.254376 h. 
 
The LUMO is located at MO orbital #6, 
  with an energy of -4.266688 h. 
 
HOMO-LUMO gap: 0.012312 h 
 
----------------------------------------          
     Computing mulliken charges...                
----------------------------------------          
 
Atom #     Symbol       Mulliken Pop.         Charge        
  1           O           6.196325          1.803675     
  2           H           1.901838          -0.901838     
  3           H           1.901838          -0.901838     

----------------------------------------          
     Computing multiple moments...                
----------------------------------------          
 
Dipole:       X           Y           Z         Tot. (D)        
          0.000000   -2.641100    0.000000    2.641100     

                       ========================================                 
                              END RESTRICTED CLOSED-SHELL                       
                                HARTREE-FOCK PROPERTIES                         
                       ========================================                 
--------------------------------------------------------------------------------
--------------------------------------------------------------------------------
                      Your calculation has run to completion!                   
                                                                                
                       ========================================                 
                                   HAVE A NICE DAY!                             
                       ========================================                 
--------------------------------------------------------------------------------
corrupted size vs. prev_size while consolidating

[115988] signal (6.-6): Aborted
in expression starting at none:0
Interrupt (once more within 1 sec to abort immediately)
Application aborted on user's request
