{
  "molecule": {
    "symbols":  ["H", "H", "C", "H", "H", "C", "H", "H", "C", "H", "H", "C", "H", "H", "C", "H", "H", "C", "H", "H", "C", "H", "H", "C", "H", "H", "C", "H", "H", "C", "H", "H", "C", "H", "H", "C", "H", "H", "C", "H", "H", "C", "H", "H", "C", "H", "H", "C", "H", "H", "C", "H", "C", "H", "H", "C", "H", "H", "C", "H", "H", "H"],
    "molecular_charge": 0,
    "geometry": [12.843491217993133, 0.0, 0.1905255888325765, 11.945344978972635, -0.8981462390204987, -1.0796450033846003, 11.945344978972635, 0.0, -0.4445597072760119, 11.945344978972635, 0.8981462390204987, -1.0796450033846003, 10.687940244343936, -0.8981462390204987, 1.0796450033846003, 10.687940244343936, 0.0, 0.4445597072760119, 10.687940244343936, 0.8981462390204987, 1.0796450033846003, 9.430535509715238, -0.8981462390204987, -1.0796450033846003, 9.430535509715238, 0.0, -0.4445597072760119, 9.430535509715238, 0.8981462390204987, -1.0796450033846003, 8.17313077508654, -0.8981462390204987, 1.0796450033846003, 8.17313077508654, 0.0, 0.4445597072760119, 8.17313077508654, 0.8981462390204987, 1.0796450033846003, 6.915726040457841, -0.8981462390204987, -1.0796450033846003, 6.915726040457841, 0.0, -0.4445597072760119, 6.915726040457841, 0.8981462390204987, -1.0796450033846003, 5.658321305829142, -0.8981462390204987, 1.0796450033846003, 5.658321305829142, 0.0, 0.4445597072760119, 5.658321305829142, 0.8981462390204987, 1.0796450033846003, 4.400916571200444, -0.8981462390204987, -1.0796450033846003, 4.400916571200444, 0.0, -0.4445597072760119, 4.400916571200444, 0.8981462390204987, -1.0796450033846003, 3.1435118365717454, -0.8981462390204987, 1.0796450033846003, 3.1435118365717454, 0.0, 0.4445597072760119, 3.1435118365717454, 0.8981462390204987, 1.0796450033846003, 1.886107101943047, -0.8981462390204987, -1.0796450033846003, 1.886107101943047, 0.0, -0.4445597072760119, 1.886107101943047, 0.8981462390204987, -1.0796450033846003, 0.628702367314349, -0.8981462390204987, 1.0796450033846003, 0.628702367314349, 0.0, 0.4445597072760119, 0.628702367314349, 0.8981462390204987, 1.0796450033846003, -0.628702367314349, -0.8981462390204987, -1.0796450033846003, -0.628702367314349, 0.0, -0.4445597072760119, -0.628702367314349, 0.8981462390204987, -1.0796450033846003, -1.886107101943047, -0.8981462390204987, 1.0796450033846003, -1.886107101943047, 0.0, 0.4445597072760119, -1.886107101943047, 0.8981462390204987, 1.0796450033846003, -3.1435118365717454, -0.8981462390204987, -1.0796450033846003, -3.1435118365717454, 0.0, -0.4445597072760119, -3.1435118365717454, 0.8981462390204987, -1.0796450033846003, -4.400916571200444, -0.8981462390204987, 1.0796450033846003, -4.400916571200444, 0.0, 0.4445597072760119, -4.400916571200444, 0.8981462390204987, 1.0796450033846003, -5.658321305829142, -0.8981462390204987, -1.0796450033846003, -5.658321305829142, 0.0, -0.4445597072760119, -5.658321305829142, 0.8981462390204987, -1.0796450033846003, -6.915726040457841, -0.8981462390204987, 1.0796450033846003, -6.915726040457841, 0.0, 0.4445597072760119, -6.915726040457841, 0.8981462390204987, 1.0796450033846003, -8.17313077508654, -0.8981462390204987, -1.0796450033846003, -8.17313077508654, 0.0, -0.4445597072760119, -8.17313077508654, 0.8981462390204987, -1.0796450033846003, -9.430535509715238, 0.0, 0.4445597072760119, -9.430535509715238, -0.8981462390204987, 1.0796450033846003, -9.430535509715238, 0.8981462390204987, 1.0796450033846003, -10.687940244343936, 0.0, -0.4445597072760119, -10.687940244343936, -0.8981462390204987, -1.0796450033846003, -10.687940244343936, 0.8981462390204987, -1.0796450033846003, -11.945344978972635, 0.0, 0.4445597072760119, -11.945344978972635, -0.8981462390204987, 1.0796450033846003, -11.945344978972635, 0.8981462390204987, 1.0796450033846003, -12.843491217993133, 0.0, -0.1905255888325765]
  },
  "driver": "energy",
  "model": {
    "method": "RHF",
    "basis": "cc-pVDZ",
    "auxiliary_basis": "cc-pVDZ-RIFIT"
  },
  "keywords": {
    "scf": {
      "guess": "hcore",
      "scf_type": "df",
      "contraction_mode": "dense",
      "load": "static",
      "dele": 1e-6,
      "rmsd": 1e-6,
      "df_dele": 1e-6,
      "df_rmsd": 1e-6
    },
    "prop": {
      "mo energies": true,
      "mulliken": true,
      "multipole": "dipole"
    }
  }
}
