{
  "molecule": {
    "symbols": [
      "C",
      "C",
      "H",
      "H",
      "H",
      "C",
      "H",
      "H",
      "C",
      "H",
      "H",
      "C",
      "H",
      "H",
      "C",
      "H",
      "H",
      "C",
      "H",
      "H",
      "C",
      "H",
      "H",
      "C",
      "H",
      "H",
      "C",
      "H",
      "H",
      "C",
      "H",
      "H",
      "C",
      "H",
      "H",
      "C",
      "H",
      "H",
      "C",
      "H",
      "H",
      "C",
      "H",
      "H",
      "C",
      "H",
      "H",
      "C",
      "H",
      "H",
      "C",
      "H",
      "H",
      "C",
      "H",
      "H",
      "C",
      "H",
      "H",
      "H",
      "H",
      "H"
    ],
    "molecular_charge": 0,
    "geometry": [
      -16.4432424818, -1.311630419, 0.0485940699, -15.1993048556, -0.4268160774,
      -0.0244678156, -17.3516847273, -0.71978543, -0.0079669478, -16.4636966386,
      -2.0276672051, -0.7683257823, -16.471270379, -1.8723679729, 0.9788031351,
      -13.8941328115, -1.2213133274, 0.0501572204, -15.2188523725, 0.1469002214,
      -0.9487686631, -15.2253893374, 0.2994651166, 0.7852669692, -12.6441571924,
      -0.3423636833, -0.0202314171, -13.8777388155, -1.7972519569, 0.9741525667,
      -13.870074136, -1.9475416528, -0.7608620368, -11.3394839258,
      -1.1380597778, 0.0512983739, -12.6625588453, 0.2351793064, -0.9430743729,
      -12.6682614008, 0.3822709053, 0.7920381376, -10.0893885257, -0.2588457936,
      -0.0162573722, -11.3219153067, -1.717310403, 0.9730390901, -11.3146142075,
      -1.8612030233, -0.7622503214, -8.7847776351, -1.0548714577, 0.0521458846,
      -10.107916434, 0.3221275181, -0.9368901377, -10.1132299019, 0.4627782831,
      0.7986644884, -7.5345320134, -0.1756213575, -0.0124419927, -8.767105891,
      -1.6375541986, 0.9717057578, -8.7601339601, -1.7750041621, -0.7640661944,
      -6.2300446697, -0.9721346027, 0.0526416668, -7.5532101453, 0.4088375668,
      -0.9308551619, -7.5580313947, 0.5429215652, 0.8052125898, -4.9795788003,
      -0.0929594741, -0.009052833, -6.212222993, -1.5582564589, 0.9700036824,
      -6.2058088956, -1.6892192231, -0.7662665544, -3.6752965138, -0.890095897,
      0.0526826719, -4.9983697653, 0.4948917313, -0.9253072546, -5.002639659,
      0.6225809366, 0.8112597233, -2.4245310145, -0.0111510217, -0.0062383819,
      -3.6573653988, -1.4795160685, 0.9679377304, -3.6515877678, -1.6042684275,
      -0.7687942451, -1.1205395692, -0.8090157367, 0.0522977238, -2.4433643476,
      0.5798735686, -0.9204665711, -2.447089187, 0.701568342, 0.8165576301,
      0.1305248804, 0.0696447078, -0.004144694, -1.1025177356, -1.4014073164,
      0.9656489181, -1.0974273789, -1.52052481, -0.7715119867, 1.4342124399,
      -0.7288803179, 0.0516758224, 0.1117106067, 0.6634182217, -0.9165942236,
      0.1084216016, 0.7798959874, 0.8207948866, 2.6854857472, 0.1495576769,
      -0.0028454943, 1.4523366582, -1.323757133, 0.9634040004, 1.4567939937,
      -1.4381218378, -0.7741015827, 3.9890038146, -0.6493721328, 0.0510443599,
      2.6667098501, 0.7454973313, -0.9138447086, 2.6636474476, 0.8578222278,
      0.8237896925, 5.2402623385, 0.2289158089, -0.0022823924, 4.0073284937,
      -1.2460691713, 0.9615707797, 4.011198495, -1.3569461883, -0.7761979945,
      6.5442747318, -0.5691836224, 0.0504899216, 5.222492206, 0.8263008357,
      -0.912459482, 5.2194303661, 0.9360094787, 0.8255236764, 7.7894976704,
      0.3152220146, -0.0026834368, 6.5644451684, -1.1659246505, 0.9599815202,
      6.5679050727, -1.2748769818, -0.7772885486, 7.8129233731, 1.0096694212,
      0.8325285422, 8.6970724088, -0.2793146357, 0.0364417737, 7.8162096667,
      0.9001448331, -0.9178044053
    ]
  },
  "driver": "energy",
  "model": {
    "method": "RHF",
    "basis": "cc-pVDZ"
  },
  "keywords": {
    "scf": {
      "guess": "hcore",
      "load": "static",
      "dele": 1e-6,
      "rmsd": 1e-6
    },
    "prop": {
      "mo energies": true,
      "mulliken": true,
      "multipole": "dipole"
    }
  }
}
