DF BLAS,DF Tensor,RHF
223.56859803199768,308.3127269744873,551.2935869693756
164.16457390785217,297.8192000389099,621.8454220294952
215.4744040966034,209.42313504219055,544.6108829975128
