DF BLAS,DF Tensor,RHF
38.62531805038452,51.38584780693054,164.98826003074646
33.4995379447937,54.985071897506714,159.3728039264679
35.89024615287781,53.38250994682312,179.50593996047974
