DF BLAS,DF Tensor,RHF
0.5585119724273682,0.9996781349182129,1.8209729194641113
0.5822441577911377,0.932060956954956,1.7215938568115234
0.5845441818237305,0.9142329692840576,1.6821231842041016
