DF BLAS,DF Tensor,RHF
5.823537826538086,7.723955154418945,21.354490041732788
5.635838985443115,8.24227499961853,21.567599058151245
5.304610013961792,7.322340965270996,21.247488975524902
