DF BLAS,DF Tensor,RHF
0.5432589054107666,0.6193349361419678,1.5926909446716309
0.4063551425933838,0.6161940097808838,1.5121760368347168
0.5332341194152832,1.0241138935089111,2.8745291233062744
