DF BLAS,DF Tensor,RHF
1.897754192352295,1.9607930183410645,4.4154579639434814
1.6456079483032227,2.065558910369873,4.854130029678345
1.6014699935913086,2.3535890579223633,4.68789005279541
