DF BLAS,DF Tensor,RHF
1.7916100025177002,2.8055880069732666,6.168709993362427
2.2228851318359375,2.903512954711914,6.327315092086792
1.936176061630249,3.28996205329895,6.058187007904053
