DF BLAS,DF Tensor,RHF
24.31078290939331,35.135562896728516,108.75661301612854
22.897377014160156,35.844722032547,108.62129592895508
22.91110396385193,34.0837299823761,109.47958612442017
