DF BLAS,DF Tensor,RHF
7.48520302772522,10.483302116394043,32.50506091117859
6.621567964553833,10.545208930969238,31.971246004104614
6.772918939590454,10.856614112854004,32.592154026031494
