DF BLAS,DF Tensor,RHF
45.937376976013184,70.83971381187439,235.91429209709167
48.67124891281128,74.34475588798523,246.51030802726746
45.713053941726685,70.44386100769043,236.35491394996643
