DF BLAS,DF Tensor,RHF
6.889459848403931,11.51751708984375,35.29887509346008
8.77004885673523,11.773429870605469,35.6784451007843
8.611464023590088,12.16527795791626,35.95549702644348
