DF BLAS,DF Tensor,RHF
78.04143786430359,136.21884512901306,649.8491280078888
79.50530195236206,142.5949308872223,924.1017200946808
198.06490778923035,296.306752204895,1115.8845510482788
