DF BLAS,DF Tensor,RHF
39.46312189102173,60.005975008010864,217.30732107162476
38.94832396507263,58.05662512779236,227.43012499809265
39.302589893341064,60.658977031707764,226.31526589393616
