DF BLAS,DF Tensor,RHF
36.832643032073975,55.06285786628723,132.17906594276428
40.7210419178009,56.908799171447754,131.532231092453
37.294748067855835,53.93765997886658,131.11181592941284
