DF BLAS,DF Tensor,RHF
1.5224292278289795,1.9710569381713867,4.009523153305054
1.4272549152374268,1.9186198711395264,4.207552909851074
1.2218048572540283,2.1127419471740723,3.8657338619232178
