DF BLAS,DF Tensor,RHF
19.681392908096313,27.845514059066772,95.71341705322266
18.208593130111694,27.444512128829956,96.1397750377655
19.9722318649292,27.40095806121826,95.96014308929443
