DF BLAS,DF Tensor,RHF
36.2626678943634,56.986199140548706,179.0987250804901
44.4040470123291,68.41706609725952,227.40693378448486
38.40472412109375,55.967047929763794,172.8719699382782
