DF BLAS,DF Tensor,RHF
7.012717962265015,9.7916100025177,28.7938449382782
7.283858060836792,10.211435079574585,28.330216884613037
7.485912084579468,9.915187120437622,29.179316997528076
