DF BLAS,DF Tensor,RHF
22.382205963134766,30.7032949924469,104.69680786132812
20.505550861358643,31.525463104248047,105.38024592399597
21.604883909225464,29.958975076675415,105.21435189247131
