DF BLAS,DF Tensor,RHF
2.4244391918182373,3.6390678882598877,7.668516159057617
2.669879198074341,3.756908893585205,7.828212022781372
2.6470370292663574,3.9220120906829834,7.853624105453491
