DF BLAS,DF Tensor,RHF
46.79817986488342,70.94611597061157,330.6340661048889
44.4103000164032,71.0159809589386,307.85295701026917
44.06175994873047,73.22413492202759,330.5324308872223
